_id,name,comment,time
1,海洋BoBboo,未来我要当明星，我要成为我们老家最厉害的人！！,2023年2月7日 00:14
2,海的那边是坤坤,兄弟们今年能10个吗年底回来看看,2023年2月7日 11:04
3,洛伊kloe,生活就是这样慢慢亦满满,2023年2月7日 00:12
4,一起7榴莲,对大家一个小忠告,2023年2月7日 00:00
5,金州小拉文Sc,我希望我的升本能够成功，自己还需要努力,2023年2月8日 12:05
6,高潮_CP,正在听这首歌的人，没错就是你！你将来肯定会有出息的，出人头地的，,2023年3月2日 18:25
7,1ifkd-,最后的23天，我豁出去了，我要成功上岸！希望我在高考能势如破竹考上本科！！！加油💪考完就去看世界,2023年5月15日 23:06
8,甜味南瓜粥,海洋你一定会成为大明星！！！,2023年2月19日 13:52
9,晚照对晴空---,“书没读好” “游戏打的烂” “长得也不行” “好人没当成” “坏也不彻底” “还没被坚定的选择过”,2023年2月7日 00:31
10,晚照对晴空---,“她不会发福老去，也不会带有柴米油盐的烟火气息，也不会满脸世俗，她永远年轻漂亮穿着小裙子站在我的记忆里挥手。”,2023年2月7日 00:21
11,owoille,我要明年这时候拟录取名单公示里写着我的名字！🦾🐻考研加油！,2023年4月18日 23:06
12,YOU-a-hero,女生的声音好好听 已经在是循环播放,2023年4月1日 03:23
13,荡歌寒南岭,“你大好青春 怕什么 往前跑。”,2023年6月8日 19:59
14,小武想吃四顿饭,这么纯粹的rap被窝发现了,2023年4月18日 19:22
15,北门配钥匙,我哪儿懂什么生活啊，不就是为了吃口饭然后做点自己喜欢的事吗,2023年2月7日 00:21
16,妮妮_QT4Z,cpdd[多多比耶][多多比耶][多多比耶][多多比耶][多多比耶],2023年06月25日 17:32
17,手排琴结果Screamo,,2023年06月25日 15:25
18,手排琴结果Screamo,[多多亲吻][多多亲吻][多多亲吻][多多亲吻][多多亲吻][多多亲吻][多多亲吻][多多亲吻][西西奸笑][西西奸笑][西西奸笑][西西奸笑][西西奸笑][西西奸笑],2023年06月25日 14:55
19,是音樂救我于平庸,我们都要努力 然后再去见对方,2023年06月24日 23:47
20,氣球殺疯了_,你变优秀时，你想要的都会来找你,2023年06月24日 22:24
21,kice202,你做到了！,2023年06月24日 22:02
22,小里昂哇,你做到啦！！！,2023年06月24日 19:36
23,謎愛很伤感,在很多发呆的瞬间我都会想起你.,2023年06月24日 18:56
24,失心人丶无心,"→ ←
两手指向中间滑 你会发现神奇的一幕",2023年06月24日 16:53
25,Eggsy-the-ripper,冲冲冲，我的大明星！！！,2023年06月24日 14:33
26,小李wen_u,2025升本顺利,2023年06月24日 14:14
27,婚宣,喜欢这词，很有意境.,2023年06月24日 12:38
28,6-5-1H,就这样一点笔墨，渲染了整个城市。,2023年06月24日 02:25
29,涵小轩,感觉怎样,2023年06月24日 01:55
30,D不是滴的地,会好 迟早 山高自有客行路,2023年06月24日 01:34
31,ZAS光,其实呢 我的希望是你 蒋易希,2023年06月24日 00:29
32,小王还没吃饱饱,你的每首歌的歌词都直击人心！很喜欢！很励志！加油！希望你的努力会有更多人发现你这个宝藏男孩,2023年6月23日 22:48
33,black__mm,"今天天气很热，我的心很平静，想学了去图书馆，不想去在宿舍看会儿电影，享受着没课的一天。
今年的暑假很炙热吧，事情好多，我一步一步来。",2023年6月23日 21:32
34,盐豆儿_yxl,我觉得你已经是了！,2023年6月23日 18:14
35,在梦里与你相爱,希望明天成绩出来无愧于自己的努力，一本就好！,2023年6月23日 15:03
36,r-胆小鬼-r,变成大明星我就是老粉,2023年6月23日 10:27
37,阿琛0127,"毕业三年了 23.6.18 是高考后时隔六年 第一次参加这么正式的考试 6.30出成绩 希望自己笔试一把过！大专毕业三年 工作了三年 从助理干到了设计总监 甚至有了自己的团队 可越来越后悔当初没有专升本 人嘛生活嘛 什么时候开始都来得及的对吧
祝我上岸 祝看到这条评论的你 今天开心 祝我们 万事遂顺！",2023年6月23日 10:24
38,r-胆小鬼-r,加油 一定会被发现 一定会变成大明星,2023年6月23日 10:21
39,r-胆小鬼-r,肯定可以,2023年6月23日 10:20
40,高傲的橘子,我爱过就如此，但是我确实无法接受你硕大的缺点和自私，如果说人生能平等的话，你我三九等，我无法苟同，愿君安,2023年6月23日 01:13
41,肥猫不吃魚ii,还给我 我的睡眠 时间 誓言 眼泪 所有,2023年6月22日 16:43
42,橙子chjz,bobo加油💪💪💪💪💪💪,2023年6月22日 14:58
43,謎愛很伤感,所有人都能忘得了，唯独忘不了你.,2023年6月22日 13:34
44,虾滑冲呀,女声一出来，我就点了爱心,2023年6月22日 10:19
45,悦言--,去哪捡个180阳光帅哥,2023年6月22日 00:58
46,光吃不胖的小仙女,怎么样啦兄弟,2023年6月21日 22:02
47,王文宇2068,加油,2023年6月21日 14:38
48,诗烂心也烂_,看聊天記錄 看到了你愛我的樣子,2023年6月21日 13:02
49,小鱼哥哥_i,负2个,2023年6月21日 12:48
50,6ix9ineT,"→ ←
两手指向中间滑 你会发现神奇的一幕",2023年6月21日 10:57
51,好又哭,加油！！！,2023年6月21日 07:15
52,謎愛很伤感,如果不能并肩同行那就假装恰好路过.,2023年6月20日 22:28
53,清清_vZKa,别想那么多开心就好,2023年6月20日 16:20
54,囗口--,那我也算是老粉了[多多比耶][多多比耶],2023年6月20日 15:49
55,不妥协直到变老丶,年少品不出酒的滋味，但品得出硕果的香甜。努力，拼搏，当拥有一个不那么模糊的梦想，我会知道所有的滋味。✊,2023年6月20日 15:18
56,可那晚她才14岁,加油,2023年6月20日 14:32
57,夏鳕之梦,好人卡应该是有的,2023年6月20日 10:20
58,东咚虎,建筑学保研东南大学上岸!,2023年6月20日 08:21
59,大锤通讯,女声直击心灵,2023年6月19日 23:33
60,一米六进击说唱圈,定会成功,2023年6月19日 19:23
61,小羊柔串子,"特别心疼那种女孩
看上去高傲冷漠难以接近
其实缺乏安全感有时候又有些自卑
遇到事会设身处地的为他人着想
但又不希望别人对自己太好
生怕亏欠对方太多还不了
这样的女孩既懂事又敏感
遇到这样的女孩是你上辈子修来的福
遇上了一定要好好爱她啊",2023年6月19日 16:00
62,米芽1709,你可以的,2023年6月19日 14:10
63,云村村民珍珍224,你做到了,2023年6月19日 01:20
64,与你_57,希望我的医考上岸,2023年6月19日 00:03
65,出发吧去看烟花,你已经是我心中的大明星了,2023年6月18日 23:54
66,娇气包逍逍,往前走，别他妈回头,2023年6月18日 12:55
67,遥遥陌上尘,没人,2023年6月18日 12:24
68,-zyyyyyyy_,加油喔！！！,2023年6月18日 11:14
69,一深夜港湾,回头看看我吧,2023年6月18日 01:58
70,猫的电脑日记,你是深山的游客 边走边爱四海为家 生性多情 我是集市里的养猫者 不看路人 不换爱人,2023年6月18日 01:19
71,浮沉zqqqqr,好啦，别再发了，早点睡觉，乖乖照顾好自己哦陌生人，晚安,2023年6月18日 00:32
72,浮沉zqqqqr,可是他的歌为什么都这样有力量,2023年6月18日 00:31
73,娇气包逍逍,这个 Hook给人的感觉好舒服，好悠远，就是颓中又有一种劲,2023年6月18日 00:27
74,娇气包逍逍,这个hook我好爱,2023年6月18日 00:26
75,娇气包逍逍,不知道从什么时候开始，睡的越来越晚了,2023年6月18日 00:26
76,娇气包逍逍,祝大家都能成为自己想要成为的人,2023年6月18日 00:21
77,冯luck哈哈哈哈,未来我要当老板！因为这楼我们充满前行的意志！,2023年6月17日 21:49
78,娇气包逍逍,海洋的歌好适合夏日单曲循环，今年海洋的歌在我的歌单杀疯了,2023年6月17日 20:34
79,娇气包逍逍,海洋的歌真的一首一首惊艳我这上半年，期待你成为最厉害的人,2023年6月17日 17:57
80,执迷不悟黑小虎M,在一起的意义是什么呢 大概是彼此照亮 成为彼此的避风港和精神寄托 让本就平淡的生活感到一丝美好 在每个情绪低落的夜里有个依托 在平庸无望的时候发现更好的自己 有些话无法对父母说出口 对朋友说又差点意思 但和对方说 就像是给无处安放的灵魂 找到了一个可以依靠的港湾,2023年6月17日 17:11
81,张月眠,已经实现了,2023年6月17日 15:27
82,欤你厢见,好不开心啊,2023年6月17日 14:41
83,S华G,最近的状态 送命式熬夜 经常性失落 间接性崩溃 习惯性自愈,2023年6月17日 13:34
84,她说爱你_,没懂什么意思,2023年6月17日 10:29
85,不上心下心,希望有纯享版,2023年6月17日 09:33
86,chigaaaa,还有357天继续冲,2023年6月16日 22:58
87,小半仙180717,其实生活都需要点一点笔墨，其实每个人都都不一样的色彩，形状与轨道，我们一起好好热爱这平凡但又美丽的世界叭～～～,2023年6月16日 21:30
88,小唐-baby,一分22秒的那个声音是真的好听,2023年6月16日 21:13
89,林世子林,加油，海洋哥,2023年6月16日 18:17
90,Rex龙龙龙,加油,2023年6月16日 13:43
91,crrzy-,加油,2023年6月16日 09:30
92,雨筝-,一定行,2023年6月16日 08:43
93,文艺渲染家,加油呀加油呀,2023年6月16日 01:07
94,原愿_SVyk,真心男友来 渣男勿扰 本人女21 在校大三 想找个能聊的来的,2023年6月15日 21:17
95,我ok冇事,这hook！！！！绝了,2023年6月15日 19:03
96,Chrishard,加油,2023年6月15日 18:06
97,Chrishard,等到今年9月回来，希望这三个月可以完成自己的目标，考出雅思+GRE。,2023年6月15日 18:06
98,Chrishard,相信你可以,2023年6月15日 18:05
99,zzzz_ThK4,什么时候来广州开live啊,2023年6月15日 15:08
100,我们永远会有明天,希望会考大捷 双A！！！！！！！,2023年6月15日 11:32
101,日升不及月落,讨厌,2023年6月15日 09:42
102,妇救会有李秀芹,哈哈哈哈哈,2023年6月15日 00:33
103,小洁-想你,一起听,2023年6月15日 00:29
104,偏偏404,加油加油，我现在一听到你的声音就知道是你了,2023年6月14日 23:34
105,DiDi的的啊,海洋绝对可以！,2023年6月14日 22:04
106,被深海淹死的鱼儿,加油！！！！！！,2023年6月14日 21:23
107,Mexr-,要越来越好 向下扎根 向上扎破土地,2023年6月14日 18:24
108,赴月_7asF,未来我要当明星，我要成为我们老家最厉害的人,2023年6月14日 17:22
109,日升不及月落,哈哈哈哈哈哈哈，我故意的，谁看不出来这是在钓鱼，你不懂幽默啊,2023年6月14日 16:00
110,妇救会有李秀芹,笑死了、像是闲鱼里问宝贝还在吗,2023年6月14日 15:26
111,泛泛小王子,快了快了 现在已经超过2月了呢,2023年6月14日 11:15
112,--炒虾仁,中考加油,2023年6月14日 10:41
113,归去来兮木火,不知道为什么就是开心不起来,2023年6月14日 09:28
114,盈ww_,你一定行！,2023年6月14日 07:54
115,日升不及月落,找到了吗,2023年6月14日 00:20
116,Lusheng卢生,配合这个hook太🉑️了🤩,2023年6月13日 21:24
117,蔡振兴-,一定会的,2023年6月13日 21:19
118,一世折花,你一定能成功的！！,2023年6月13日 18:23
119,深情的大帅笔,一样,2023年6月13日 13:39
120,是小王-qx,你会的,2023年6月13日 05:54
121,在无风时,会的,2023年6月13日 01:19
122,ZRsl_cMUl,我最在意的 或许得不得了 😶‍🌫️,2023年6月12日 23:16
123,池池_5Ih1,真心男友来 渣男勿扰 本人女21 在校大三 想找个能聊的来的,2023年6月12日 21:37
124,阿拽_6l7Y,不只是说说，在行动,2023年6月12日 21:26
125,阿拽_6l7Y,我想攒钱去国外,2023年6月12日 21:26
126,阿拽_6l7Y,一样！,2023年6月12日 21:26
127,阿拽_6l7Y,✓,2023年6月12日 21:25
128,阿拽_6l7Y,加油，一定可以，我也可以,2023年6月12日 21:25
129,低钠盐几久,加油，能成,2023年6月12日 21:17
130,XGeee_,写错字了,2023年6月12日 20:57
131,Little-Catcat,加油！,2023年6月12日 14:23
132,盛夏的10086,盛夏的10086送您一张会员礼品卡，快来看看TA的祝福吧! 快来领取吧 https://music.163.com/prime/m/gift-receive?p=aG-X6nS8NWC44WQKyNxzAvUkbvYaiPNLaxRpTaRfZPEgrtTILLUM2ovihs7e1gvh7hj4PvIIjmpkz38ZGpBJgE0TXfJje5sP_bPKOiyqNfU&d=tngobEl-vOQ4moxGqIlTdA,2023年6月12日 14:01
133,郝四俊,中孝加油！冲鸭,2023年6月12日 10:47
134,睡觉睡觉薇薇,我相信你会做到的！！！！！！,2023年6月12日 09:21
135,前任丐帮帮主,你快了！,2023年6月12日 01:53
136,chyzxl2,我就是想去苏州大学！,2023年6月11日 23:07
137,嘿哈oi,太晚看到了，已经不太相信了,2023年6月11日 22:13
138,嘿哈oi,愿爱无忧,2023年6月11日 22:11
139,普罗旺斯等我们,加油加油，海洋现在这些成就已经让你开始跑了，大家也要努力找到自己的跑道 跑起来！,2023年6月11日 19:51
140,晨星u,这首歌曲的beats 是Evo Music 的原Free Romantic Storytelling Beat 。而这首歌的作曲人siren也参与了制作,2023年6月11日 19:36
141,ikun-依,已经很厉害了！,2023年6月11日 16:41
142,颜祖_oxOo,我希望不管什么时间，在任何地点，当你听到这首歌的时候，想象一下，太阳要落下，云朵红似火，傍晚的风沁人心脾，坐在山头上，看着脚下的湖，原来这个世界真的很美，为什么要那么焦虑。,2023年6月11日 14:57
143,被抛弃的小猫猫,加油，等我好消息,2023年6月11日 12:32
144,搬砖运动爱好者,加油哦！,2023年6月11日 11:41
145,轩的心烦事,海哥 你会一直陪着我吗,2023年6月11日 04:34
146,Qwq-ski,拜托他不爆谁爆真的从被我发现到现在只有越来越喜欢,2023年6月11日 04:25
147,SweetDreams1703,未来我要做最自由的人希望无忧无虑一点多点快乐,2023年6月11日 02:59
148,小潘听好歌,好像😭,2023年6月11日 00:51
149,被抛弃的小猫猫,距离中考还有6天，那就祝自己在剩下的时间里好好努力吧,2023年6月10日 22:19
150,怡崽ove,慢慢即漫漫,2023年6月10日 21:45
151,XP走路带风,海洋，你要坚持创作呀。声音超级好听，在店里循环播放，很治愈。,2023年6月10日 17:10
152,险些对你心动,"哪儿有那么多的过错，
当你自己想做那就朝着目标去做，
做了至少就没有错过。",2023年6月10日 15:17
153,10_冷冰冰_2B,他就应该爆！！！好喜欢他的嗓音……,2023年6月10日 14:49
154,泪茧姑娘,男生声音好像 热狗，这rap唱的很可以，歌词就很加分，一点不庸俗,2023年6月10日 14:40
155,极致小趴菜,海洋Bo这是要爆啊,2023年6月10日 12:25
156,日升不及月落,最爱bo！！！,2023年6月10日 10:19
157,匿名用户_7,加油！你一定可以的 但不要忘记初心啊,2023年6月10日 09:37
158,川上赴野Ae,加油💪,2023年6月10日 01:47
159,床前明月哈,他确实牛逼，排行榜前二十四首是他的,2023年6月9日 23:35
160,悠之长兮,生活就是一面镜子，你笑，它也笑；你哭，它也哭!,2023年6月9日 13:32
161,傻子先生2105,"“真诚这张牌配任何一张牌都是必杀技，唯独单出是死局”
“但你抱以真诚对待妈妈，无论怎样她都会很高兴的”",2023年6月9日 04:03
162,Dausa,加油 我当上了 你也可以,2023年6月9日 02:47
163,胜天半子_s,加油💪,2023年6月9日 02:00
164,淋非,好啊,2023年6月8日 23:46
165,淋非,好啊,2023年6月8日 23:46
166,舒克舒克我是贝塔170515,不见了，再见面已经没有任何意义,2023年6月8日 23:45
167,wllliy,加油喔👊,2023年6月8日 23:03
168,agion_5m0u,大专我来了,2023年6月8日 21:37
169,晚晚很想你,加油,2023年6月8日 21:13
170,Big檬,有live听嚒,2023年6月8日 21:12
171,yonli-xu,未来我要和我在意的人过上想过的生活！给我妈妈最好的生活,2023年6月8日 20:12
172,荡歌寒南岭,“你大好青春 怕什么 往前跑。”,2023年6月8日 19:59
173,__小时候可帅了,加油,2023年6月8日 18:11
174,Nina190625,加油加油加油吧！你可以的,2023年6月8日 16:11
175,冉先生的理想国,哥，你一定会的！,2023年6月8日 14:42
176,淋非,我要考专升本，未来我要带我家人去旅行，去我没去过的地方，吃没吃过的东西，看没看过的风景,2023年6月8日 13:11
177,秋刀鱼_Ww_VW,差点忘了我也是一个有趣的人，可我总是沉默，总是放空,2023年6月8日 12:32
178,真的不聽周杰倫,好喜欢,2023年6月8日 12:30
179,祝融至远,高考加油,2023年6月8日 12:01
180,祝融至远,高考顺利 我也是,2023年6月8日 12:01
181,祝融至远,高考加油,2023年6月8日 12:01
182,灼汋-,加油啊 兄弟,2023年6月8日 11:01
183,-小-舒-,你可以的 加油！,2023年6月8日 01:14
184,牧羊已去,+U+U,2023年6月8日 01:13
185,小王离开啦,加油兄弟还有最后一天考试,2023年6月7日 23:36
186,神奇咔咔枝,好,2023年6月7日 21:06
187,神奇咔咔枝,怎样！,2023年6月7日 21:06
188,多吃橘子补维c,你快火吧我求求你了🥺,2023年6月7日 20:38
189,今天练背了嘛,你一定可以！,2023年6月7日 16:55
190,yjyydky,加油,2023年6月7日 09:25
191,我不需要片刻温柔,你可以的,2023年6月7日 08:38
192,5u2i,@该该呢_ @网易云sa @DaDa吖er,2023年6月7日 07:36
193,周周ii_6,支持你啊,2023年6月7日 05:59
194,不知道什么歌好,《普通人生》《普通过》,2023年6月7日 00:22
195,_茫渡-_,明天就要高考了 这几天做了好多对不起自己的事 希望高考顺利可以对得起自己一次,2023年6月6日 23:07
196,-山前,明天考试，听完最后一首歌，我花开杀百花,2023年6月6日 21:51
197,温大师a,距离中考还有20天，此时的我坚强的在学习，愿努力有回报，不负自己，不服父母,2023年6月6日 20:55
198,打睿睿的无敌暴龙战士,高考加油！,2023年6月6日 16:40
199,打睿睿的无敌暴龙战士,加油,2023年6月6日 16:40
200,独处的妖_嗷,你值得。,2023年6月6日 14:17
201,私藏一寸星月海,好治愈，你一定会的,2023年6月6日 13:13
202,__薛薛薛之谦,加油！越来越好了洋,2023年6月6日 12:54
203,小华小花_,希望我的高考能顺顺利利！,2023年6月6日 11:22
204,嗨77o,你小子可以✌️,2023年6月6日 10:34
205,童话续写了安徒生,夜晚，不能听，一听就勾起回忆，18年那个你还记得吗？,2023年6月5日 23:18
206,jiangshi_Es6R,未来我要做生意，什么生来就有，看我无中生有,2023年6月5日 20:37
207,朝阳路_x,生活不是电影 没有那么多的相遇,2023年6月5日 13:54
208,NergerSsing,加油！已经渐入佳境已经有了起色，不忘初心爱自己爱生活❤,2023年6月5日 13:25
209,黑化航,可是脑子永远有时会不听使唤,2023年6月5日 12:33
210,-Lucci,一定可以的！你的歌词很有思想，坚持自己的特点。加油！,2023年6月5日 10:33
211,云村村民168589350270422,一定会的，期待现场听你唱,2023年6月5日 00:24
212,今天吃螺狮粉了,加油加油,2023年6月4日 23:46
213,送客小回南,"难道重逢都要交待，
我还没说过，
我偶尔会梦见你的床枕头，
因循规则凭借因果，
夫善亦有道，而遇亦有时。
咱们注定再见。",2023年6月4日 23:37
214,野野野野锤,你一定可以的！！！我的眼光没有错,2023年6月4日 22:21
215,薛橙c,你成功了bro,2023年6月4日 21:39
216,Yooooooou7,加油哟,2023年6月4日 16:50
217,你的双响屁,加油哦～期待你梦想成真,2023年6月4日 15:00
218,有点理智的灰太狼,加油,2023年6月4日 14:00
219,泪茧姑娘,看歌名那么有味，就点进来听听了,2023年6月4日 12:59
220,能否让我把回忆重写,海洋你可以,2023年6月4日 09:48
221,苏拾欢,大明星 在心中,2023年6月4日 07:31
222,国民好弟弟,生活啊,2023年6月4日 03:13
223,达芬很奇,按F键逃离…,2023年6月4日 01:59
224,L1max,我的青春是一场华丽的意淫,2023年6月3日 22:22
225,坤坤_lvMP,加油哦海洋,2023年6月3日 18:40
226,是个嘿崽,24年一定要成为研究生，加油加油加油,2023年6月3日 17:50
227,夜小口山,什么时候巡演 北京等你 新粉 普通人生粉了,2023年6月3日 17:25
228,自律doom,加油好喜欢你的歌！！,2023年6月3日 13:44
229,xxx海xxx边,还剩三天！一起冲,2023年6月3日 12:38
230,xxx海xxx边,会哒,2023年6月3日 12:37
231,愿是雨天,加油哦，看好你,2023年6月3日 11:57
232,偁鈊,上岸！,2023年6月3日 00:57
233,PinAan-L,加油哇,2023年6月3日 00:50
234,胡阿阿婉,总有零星的惊喜急刹在杂乱无章里…,2023年6月2日 23:21
235,過期的-凤梨罐头,加油，虽然现在已经很厉害，但希望你能更好，越来越好！！,2023年6月2日 20:49
236,chigaaaa,不就为了能和 藏在内心深处的人再见一面 愿你在异国安好 等我明年高考完便能见,2023年6月2日 20:08
237,偁鈊,期待,2023年6月2日 18:43
238,次野田中,高考加油！,2023年6月2日 18:03
239,超级可爱的阳妹,我也是,2023年6月2日 17:45
240,YG_faigo,其实很累 但是仅仅因为你看不到你努力的结果并不意味着你的努力没有结果。考得上，我可以.,2023年6月2日 14:56
241,YG_faigo,很难很累,2023年6月2日 14:51
242,热心网友小林_,加油,2023年6月2日 14:49
243,Q辰黎,"你已经是啦
恭喜你",2023年6月2日 14:00
244,挺不懂的歌慢慢听,考研倒计时一年，一年后再来,2023年6月2日 10:54
245,灯泡oomx,开始喜欢你了,2023年6月2日 06:45
246,灯泡oomx,一定能,2023年6月2日 06:37
247,不扣篮不改名_i,真正的“说唱”,2023年6月2日 00:37
248,且听小雨漫,好难,2023年6月1日 22:01
249,凡小乐1905,我一定会考研上岸 为自己的未来点一笔墨,2023年6月1日 20:19
250,都不记得记得,因为换不了导师想退学，重新考不知道能不能上岸，太累了，一直为以后考虑,2023年6月1日 19:21
251,99木子李,妈妈这段话说的好像邹平话啊，好亲切,2023年6月1日 19:12
252,答案刘,上上签[100分],2023年6月1日 16:57
253,JJvsky,个人认为海洋老师真的把现在年轻人的压力，环境，心态给唱了出来，反正我是狠狠地共情了,2023年6月1日 16:29
254,北暝有条鱼_,你一定可以的,2023年6月1日 15:10
255,DING噜噜噜,一定会的 一定可以的,2023年6月1日 13:10
256,文刀石页i,讲真，我真的觉得海洋bo的梦想一定会成真！,2023年6月1日 09:00
257,你的KD宝宝,加油你真的很棒！,2023年6月1日 04:03
258,戴伟9,我可以！,2023年6月1日 03:34
259,一条鱼昂,小时候喝酒图一个开心 长大了喝酒图一丝安慰,2023年6月1日 02:36
260,蔡娇雅,加油,2023年5月31日 22:15
261,蔡娇雅,加油,2023年5月31日 22:15
262,蔡娇雅,加油,2023年5月31日 22:15
263,蔡娇雅,加油,2023年5月31日 22:15
264,魔霸帝皇爆裂究极战神,温柔，是一个人内在的修养。它是在历经世事磨砺后的成长，是开在荆棘上的花朵,2023年5月31日 19:03
265,玉米蜀黍吧,已经有6个多了，今年能搞个15左右把,2023年5月31日 19:01
266,yjyydky,24年一定成为本科生,2023年5月31日 18:24
267,下班最快落,加油，你一定行的！！！,2023年5月31日 13:59
268,73YT,能,2023年5月31日 13:39
269,头埠,哥们加油,2023年5月31日 10:54
270,明齊話,不奢求别的，和刘恩茜一起走下去吧,2023年5月31日 10:10
271,荷包蛋要开心自由,一定会的 海洋加油,2023年5月30日 22:08
272,Staaid,10w,2023年5月30日 21:56
273,优雅的脑梗青蛙,"""要陪在值得的人身边一年又一年""[多多可怜]",2023年5月30日 20:52
274,lamb恐龙羊,我要跟小聂同学！！好好的,2023年5月30日 20:28
275,WANXW,给我冲,2023年5月30日 16:46
276,不二小姐Y,希望我们老了，还可以牵手漫步看夕阳,2023年5月30日 10:09
277,白泽泽77,好棒！[多多耍酷],2023年5月30日 08:52
278,带自己去浪迹天涯,成为一名好警察 奥利给～,2023年5月29日 17:48
279,棼凡,加油,2023年5月29日 13:51
280,棼凡,专升本录取结果还有十分钟要出来了，紧张，心慌，望不负那些早起晚睡的日子。,2023年5月29日 13:50
281,一直以来菲,你已经成为了,2023年5月29日 12:27
282,朕很萌2001,加油，兄弟，你前途无量了,2023年5月29日 02:07
283,荟千千绪,以后隔着三千梨树 六百湖水 你不必哽咽 我始终记得见你的第一面,2023年5月27日 22:26
284,凌晨哥-H,加油＾０＾~,2023年5月27日 22:18
285,木zzz南,加油⛽️,2023年5月27日 21:20
286,X天X-,距离高考还有11天！,2023年5月27日 20:40
287,最爱林桂如,加油,2023年5月27日 17:33
288,Zzz好运来,刚听的时候只有两百多条评论 现在看已经999+了大明星！！！！,2023年5月27日 16:30
289,Eminemhyc,上岸,2023年5月27日 16:13
290,我是美女7很少,我也是,2023年5月27日 15:48
291,航航不失眠,你会做到的！！,2023年5月27日 01:19
292,0别吵我睡觉0,其实很累 一直在考虑以后的生活,2023年5月27日 00:47
293,五季風x,中考还剩16天加油加油加油加油加油💪,2023年5月27日 00:12
294,-Rennn-,一定行[西西机智],2023年5月26日 22:30
295,小金欧,海洋一定能成为妈妈最骄傲的人！,2023年5月26日 17:10
296,是醉音呀,时间在催我挣钱，年龄在催我结婚，在这个不知所措的年纪，我想做什么，都身不由己！,2023年5月26日 08:32
297,搬砖运动爱好者,加油加油！,2023年5月26日 00:33
298,4iiouk-,是真的爱我吗 还是在找谁的影子.,2023年5月25日 23:52
299,我还是叫葱花小香,13天 560分 我可以！！！！！！！！！,2023年5月25日 23:33
300,曲跃刚,你我相逢在黑夜的海上，你有你的，我有我的，方向；你记得也好，最好你忘掉，在这交会时互放的光亮！,2023年5月25日 23:13
301,曲跃刚,你我相逢在黑夜的海上，你有你的，我有我的，方向；你记得也好，最好你忘掉，在这交会时互放的光亮！,2023年5月25日 23:13
302,曲跃刚,你我相逢在黑夜的海上，你有你的，我有我的，方向；你记得也好，最好你忘掉，在这交会时互放的光亮！,2023年5月25日 23:13
303,曲跃刚,你我相逢在黑夜的海上，你有你的，我有我的，方向；你记得也好，最好你忘掉，在这交会时互放的光亮！,2023年5月25日 23:13
304,曲跃刚,你我相逢在黑夜的海上，你有你的，我有我的，方向；你记得也好，最好你忘掉，在这交会时互放的光亮！,2023年5月25日 23:13
305,咕咕来了噢,没人分享情绪就发给我，不要孤独，不要焦虑，我在你们背后。,2023年5月25日 20:58
306,乌托邦迷云,加油加油加油加油加油加油加油加油加油加油加油加油在人们面前要抬起头,2023年5月25日 17:53
307,拾壹_HLB7,要是能早点看到就好了,2023年5月25日 16:47
308,狗哥和蜜茶,可是我真的很舍不得你和女儿,2023年5月25日 14:13
309,cHNnzg,你新专辑发了十几首一模一样的歌让我白期待了半年这话不让说么jony,2023年5月25日 14:12
310,不会回头的joe,小胖你可以的。,2023年5月25日 12:19
311,可惜我是一个平凡的人-,点一笔墨,2023年5月25日 11:06
312,小羊ProMax,经济仓？,2023年5月24日 22:47
313,离歌遗梦未醒,她在生活里有一笔墨就够了 别太满.,2023年5月24日 16:46
314,蓝月枫1,加油，宝藏歌手真的,2023年5月24日 11:15
315,暴风小嫩仔,第1122 本人年度最佳单曲,2023年5月24日 01:10
316,林熙_AAPF,可以带上我吗,2023年5月24日 00:55
317,不染-_GY,女声好爱,2023年5月23日 21:31
318,叁柏氿,究竟是谁在幸福,2023年5月23日 21:29
319,李Wangi,蔡康永在一次采访中说,2023年5月23日 13:12
320,秋刀鱼_Ww_VW,我自己能咬牙吃一百种苦 如果有人懂我的话那就完蛋了,2023年5月23日 10:33
321,EHAMA子鱼,“屏幕前的你，将会收到很多超超超超超超超超超超超超超超超超超超超超超超超超超超超超超超超超超超超超超超超超超超超超超超超超超超超超超超超超超超超超超超超超超超超超超超超超超超超超超超超超超超超超超超超超超超超超超超超超超超超超超超超超超超超超超超超超超超超超超超开心的好消息!! ,2023年5月23日 00:01
322,正在睡觉的晚安,咋样了,2023年5月22日 01:59
323,wx的听歌笔记,都遇到了还有什么遗憾，唯有感恩🥹“旅途中最深刻的烙印，都铭记在心底。”,2023年5月21日 18:59
324,火羊red,你可以！,2023年5月21日 11:45
325,派大星老先生,要像风一样自由,2023年5月21日 08:57
326,爱喝瑞幸的草莓熊,张毓峰 你会出头的 你一定可以考上一本 你一定可以的 你是最棒最励志的 ,2023年5月21日 02:58
327,Nanoebo_17,加油！,2023年5月20日 23:21
328,温泉砂锅鱼,希望在17天后 所有的2023届高考考生都成功上岸 祝你 祝我 祝大家,2023年5月20日 21:24
329,要向着光呐,支持,2023年5月20日 19:19
330,要向着光呐,放好心态，一定成功。,2023年5月20日 19:18
331,暗黄的灯光,歌词写的真好，一遍遍的循环，每次都是不一样的感觉,2023年5月20日 18:02
332,51的铄,你也是啊彦祖,2023年5月20日 08:01
333,Qhexu,这句话小时候我好像说过的,2023年5月19日 23:19
334,不闲__,答应自己，一定要坚持下去好吗,2023年5月19日 23:18
335,便利店1246,加油！,2023年5月19日 22:51
336,便利店1246,加油,2023年5月19日 22:50
337,便利店1246,加油,2023年5月19日 22:50
338,便利店1246,加油,2023年5月19日 22:50
339,便利店1246,加油！,2023年5月19日 22:49
340,便利店1246,加油！,2023年5月19日 22:49
341,便利店1246,加油,2023年5月19日 22:49
342,便利店1246,加油,2023年5月19日 22:48
343,23-A1,能考就考,2023年5月19日 21:31
344,对珂珂臉红,一起加油,2023年5月19日 18:30
345,吕子乔ovo,加油哦 一直很喜欢你的歌 希望你越来越好[多多大笑],2023年5月19日 17:57
346,Anticipationqwq,加油,2023年5月19日 17:54
347,苦茶子两米八,我想吃橘子 你给我一箱苹果 你问我感动么 我没法回答,2023年5月19日 17:01
348,SyIphia,还回得去吗 你凌晨说喜欢我的那天,2023年5月19日 11:27
349,_mokar,希望我教资面试成功,2023年5月19日 09:59
350,写-给你的诗,希望我今年有稳定的工作 稳定的情绪[蛋仔喜欢],2023年5月18日 21:21
351,26108她,加油,2023年5月17日 22:55
352,啊瑜不Rock,当生活不再会有什么惊喜和感动，会发现孤单其实就是自由,2023年5月17日 22:32
353,Dece老猫,事业单位到底要不要考,2023年5月17日 22:13
354,明玉小迷妹,下个月要考试了，加油,2023年5月17日 13:22
355,高翔180711,听你的作品，你可以的,2023年5月17日 11:01
356,随性A_AY,加油,2023年5月17日 07:52
357,恰恰芝士,加油我明年也是22天了[西西机智],2023年5月16日 23:50
358,若愛心海凌乱,我以过客之名，茫茫人海与你相遇，故事到头我们终是形同陌路的过客,2023年5月16日 23:45
359,云上的TUI臣,高考，哈哈我可以的，加油咯,2023年5月16日 23:37
360,地理炸脑干,高考倒计时二十二天，加油加油肯定可以的,2023年5月16日 23:25
361,邻居老姚,加油！,2023年5月16日 22:35
362,丶Sugar_Sugar,四年多没回家了、真想家、今年一定要回！,2023年5月16日 18:51
363,Anticipationqwq,加油鸭,2023年5月16日 15:28
364,亚力山大诺夫斯基番茄,你现在就是了,2023年5月16日 12:27
365,happy的奇遇记,考上了 新的开始 会遇到对的人吗,2023年5月16日 10:57
366,whisper_cc7,你小子的歌是真的都好听啊,2023年5月16日 01:16
367,1ifkd-,最后的23天，我豁出去了，我要成功上岸！希望我在高考能势如破竹考上本科！！！加油💪考完就去看世界,2023年5月15日 23:06
368,Rvso,每一首都痛击我的心,2023年5月15日 10:43
369,赤城叶,一个字，绝,2023年5月15日 01:11
370,再见泽芃,很喜欢💕,2023年5月14日 21:40
371,曜曜_PuX,1,2023年5月14日 13:16
372,曜曜_PuX,坚持久了 自己也分不清是想要你还是想要赢,2023年5月14日 13:16
373,双子小白,,2023年5月14日 11:46
374,你的肩上是风,现在觉得成功了吗,2023年5月14日 01:40
375,欠揍_4RpK,附议[多多耍酷],2023年5月14日 01:28
376,海绵宝宝不吃香菜cool,高考倒计时25天 一定可以的,2023年5月13日 21:15
377,冬思魚_,就是好喜欢他的歌不知道为什么,2023年5月13日 16:29
378,_我是高一生,加油加油加油,2023年5月13日 15:00
379,老薛的官十八,上天的眷顾压不过努力。,2023年5月13日 07:17
380,showyshowy,你可以的,2023年5月13日 02:02
381,顺_意_,加油,2023年5月13日 00:29
382,z亓先生,哥们，你一定能火🔥,2023年5月12日 23:16
383,z亓先生,会越来越好的,2023年5月12日 23:14
384,renew-w,加油加油,2023年5月12日 22:39
385,心底思绪不知所向,加油，我很喜欢你的声音和歌词,2023年5月12日 22:17
386,痣在远方,海洋你一定可以的！加油！唱得真的很好听,2023年5月12日 20:59
387,闪出欣欣,加油加油加油,2023年5月12日 18:12
388,Ambitiont_,你还是改不了翻评论的习惯啊，于晏,2023年5月12日 15:46
389,ai起床啦,别emo了 看到评论区大多都是初高中生 她们诉说这自己的爱情故事 我想说的是 我们不应该把美好的青春浪费在失败的爱情上 好好学习好好生活好好爱父母吧 或许这才是你该做的,2023年5月12日 15:14
390,ta曾是尽头,不是不是，这伴奏里为什么还有令人窒息的钉钉提示音啊喂！？,2023年5月12日 11:51
391,lmz12345678900,一定加油，一起加油,2023年5月12日 09:30
392,lmz12345678900,我要拼一把，明年考研拟录取名单里一定有我,2023年5月12日 09:25
393,搬砖运动爱好者,加油！,2023年5月12日 02:15
394,Star_20th,不想努力，也不想放弃,2023年5月11日 23:06
395,1-In-A-Million,男声一开始我以为刘聪呢,2023年5月11日 22:47
396,没文化真可怕哦豁,甜美的声音,2023年5月11日 17:42
397,静语-,这首歌听了有种能火的气质，慢慢沉淀，希望你是下一个大火的rapper，上次这么认可的人是17年听了一首歌叫《世界末日》，他现在大火了，努力做自己，做最真实的自己，不要很快的走资本说唱的路子，你的路很长，加油。,2023年5月11日 17:28
398,IamaMVP,祝我上岸985吧,2023年5月11日 15:29
399,月亮还好吗,熬的夜终于变成了光，成功上岸,2023年5月11日 04:23
400,liberate20,你一定可以,2023年5月11日 00:23
401,故人ge,肯定能的,2023年5月10日 23:38
402,快乐的疯子呀,当然！,2023年5月10日 22:57
403,原谅帽集团董事长,你一定可以的,2023年5月10日 15:30
404,顺_意_,一定会实现的,2023年5月10日 13:39
405,愛限于表面,等你！！,2023年5月10日 13:14
406,拒绝_PuhA,一定会上岸的,2023年5月10日 08:30
407,我们会有个终点,为什么不是我们,2023年5月10日 07:06
408,随风lw06,我爱你,2023年5月10日 00:15
409,卡夫卡的熊yu,头像！,2023年5月10日 00:00
410,快乐的疯子呀,或许这就是努力的目的，因为想要一个好的结果，所以费尽全力,2023年5月9日 22:44
411,开心好难_-_,一定能！！！,2023年5月9日 15:00
412,海边日落之,我真的害怕到头来一事无成,2023年5月9日 01:17
413,萝卜狗l,你是我喜欢得为数不多的rap歌手，加油大明星！,2023年5月9日 00:19
414,Ducati_a,你小子绝对可以 大爱你的歌词和声音啊！！！！,2023年5月8日 22:05
415,故事妳真的在听吗L,很舒服的歌曲，值得推荐,2023年5月8日 07:46
416,黒銫的天,假如我年少有为不自卑，家里人也支持我做我想做的事情，假如……好像也只是假如,2023年5月8日 02:37
417,搬砖运动爱好者,加油！,2023年5月7日 23:49
418,听烂了结局,蹲你,2023年5月7日 22:45
419,NongDC,海洋不红。天理难容,2023年5月7日 19:14
420,清朝老6,距离高考30day,2023年5月7日 18:48
421,ShShily,听到这首歌打开评论准备看一看，就看到了你这条消息，因为我在备考中国人民公安大学的研究生，太难了太累了，明明我快要放弃了，可是看到你说祝你成为一名警察我心底的火苗又被点起来了，是的！我们都可以的，成为一名人民警察！加油,2023年5月7日 12:52
422,ShShily,小杨，我知道你现在很累，但是呢你不也常常说真正有价值的事情都不是轻松舒服就能完成的，爸爸也说，你都坚持半年了不要轻易半途而废，没事的，不要被这大流吓到，努力就好了，考研加油小杨，等你好消息！,2023年5月7日 12:44
423,下辈子当高冷男神,加油,2023年5月7日 11:54
424,Dausa,祝我成为一名警察👮‍♀️,2023年5月7日 11:30
425,__雍和,人与人刚认识的时候最好，热情又虚伪新鲜又浪漫。,2023年5月7日 03:18
426,我把糖给你你把你给我,一起加油,2023年5月7日 02:32
427,九碳_QF1b,感觉过的好快,2023年5月7日 01:53
428,Yeyeer9,你小子超火的 现在也是大明星！,2023年5月6日 23:35
429,奶糖楂,我同意！,2023年5月6日 19:13
430,o牙牙牙牙,加油呀！,2023年5月6日 11:17
431,酸菜苦瓜粥,海洋活了20年你的说唱是我听过最好的说唱,2023年5月6日 10:32
432,单渡_y,看你们拼命努力高考的样子好像我也参与了 哈哈哈 可惜我初中没毕业,2023年5月6日 03:20
433,-JIUli_,会的 你值得！,2023年5月5日 22:50
434,花海_vL5G,借你吉言,2023年5月5日 19:27
435,孤夜繁思,加油海洋！,2023年5月5日 08:36
436,悄帆高,一定！,2023年5月5日 08:19
437,沙街吴彦祖,亮着灯也感觉压抑,2023年5月5日 01:16
438,zsmiled,被骗了八个🌿,2023年5月4日 18:33
439,mydr_pKxz,可以的兄弟,2023年5月4日 16:19
440,搬砖运动爱好者,加油加油,2023年5月4日 16:19
441,搬砖运动爱好者,冲！,2023年5月4日 16:18
442,便利店1246,999,2023年5月4日 16:08
443,------Demon------,我来啦,2023年5月4日 16:06
444,------Demon------,999！,2023年5月4日 16:06
445,------Demon------,999！,2023年5月4日 16:06
446,便利店1246,会的！,2023年5月4日 16:06
447,70zh,好听,2023年5月4日 16:06
448,便利店1246,一晃又回到,2023年5月4日 16:05
449,浩子_pNu0,发,2023年5月4日 16:04
450,浩子_pNu0,出,2023年5月4日 16:03
451,便利店1246,一晃又过半,2023年5月4日 16:02
452,浩子_pNu0,再,2023年5月4日 16:02
453,浩子_pNu0,墨,2023年5月4日 16:01
454,浩子_pNu0,笔,2023年5月4日 16:00
455,浩子_pNu0,一,2023年5月4日 16:00
456,便利店1246,加油哦,2023年5月4日 16:00
457,浩子_pNu0,点,2023年5月4日 15:59
458,青Seraph,985哈哈,2023年5月4日 15:58
459,便利店1246,985,2023年5月4日 15:57
460,便利店1246,984,2023年5月4日 15:56
461,冷傲雪7,词写的真好,2023年5月4日 14:29
462,Zard13,未来我要当一名好医生，我要成为可以救很多人的人！！,2023年5月4日 01:50
463,CLIPPERSPG13,哈哈let's go!,2023年5月4日 01:25
464,梨花诗芑,支持[云比心],2023年5月3日 23:36
465,又帅又可爱呢,卧槽 牛逼 又活一天 脱衣服 睡觉,2023年5月3日 23:27
466,念练,冲,2023年5月3日 23:17
467,我与陈冠希,已经可以出道了,2023年5月3日 19:14
468,苏苏不是酥酥也不是素素,我想和她有个结果,2023年5月3日 16:49
469,AnnLXS珊珊,女声一出来，醉了！真的,2023年5月3日 14:24
470,魚丸蛋挞包,“你啊 别真的破罐子破摔啊”,2023年5月3日 13:16
471,你的玥亮我的心,你现在就可以出道哈哈哈！超爱！想在微博里给你打call但是发现你没有微博[多多大哭],2023年5月3日 10:18
472,你的玥亮我的心,我一定当你的粉丝！,2023年5月3日 10:18
473,狂拽酷炫裕少,我一定能考上！！一定要上岸！！,2023年5月3日 00:43
474,-Tramp0,加油⛽️,2023年5月2日 22:37
475,零雨衣,你可以的,2023年5月2日 21:06
476,雨下大了_我不自知,真的很爱,2023年5月2日 18:35
477,搬砖运动爱好者,加油！,2023年5月2日 15:23
478,想蕙迪_,点一笔墨。,2023年5月2日 11:14
479,闪出欣欣,我一定会找到一个属于我自己的佘颖欣！,2023年5月2日 11:06
480,闪出欣欣,一定可以的！,2023年5月2日 11:00
481,不要emo太久,加油加油冲冲冲,2023年5月2日 09:14
482,FadetoN,好听,2023年5月2日 08:47
483,风吃掉了月亮__,"生活不就是街道，
路灯旁还开着的便利店，
不就是为了能和自己，
藏在内心深处的人再去见一面，
可是生活不像是电影，
结尾美好的结局。",2023年5月2日 00:00
484,冷风中的独奏,好！,2023年5月1日 21:03
485,lee事在人为,会的,2023年5月1日 21:02
486,kun_Jul719,5.1图书馆和好朋友学习还有37天高考,2023年5月1日 15:13
487,汤莫愁,男声好像咖啡🖐🏻️,2023年5月1日 11:55
488,鲁路修lux,你的声音好好听救命！！！！！！,2023年5月1日 03:26
489,鲁路修lux,太棒啦！！！我相信你,2023年5月1日 03:25
490,_Wan风,必须可以,2023年4月30日 22:00
491,jiangfeng0919,加油陌生人,2023年4月30日 21:14
492,likilj,不要否定自己,2023年4月30日 19:44
493,祁洲__,37天,2023年4月30日 19:15
494,琪骋O,想要一点笔墨，在那泛黄的书间，写下我们的怀念。,2023年4月30日 14:44
495,星状物,希望你好好的,2023年4月30日 08:48
496,零几年的小屁孩,多出点歌吧根本听不够,2023年4月30日 01:58
497,蟑螂和猫,未来我也会成为一名优秀的舞者,2023年4月29日 21:22
498,青丝已换满白头谁知此生几回眸,大步向前走吧,2023年4月29日 19:23
499,ba-Ci-藏,旦增次吉我喜欢你❤️,2023年4月29日 18:37
500,糖果先生Gucci,2021上岸 过来人经验（当你不放弃时就干掉了一半人）,2023年4月29日 11:06
501,晚晨稚鹿,哈哈哈哈哈哈哈哈哈,2023年4月29日 09:21
502,Soulless_JDwb,马上就999+了,2023年4月29日 06:44
503,Key_9k,可是生活不像是电影,2023年4月29日 06:36
504,鸭肠牛肚羊肉卷,很喜欢睡觉，有种入土为安的轻松,2023年4月29日 05:29
505,减少依賴降低期待_,加油，,2023年4月29日 00:48
506,D0ubleVVC,钥匙 钥匙 我要去北门配把钥匙,2023年4月28日 23:58
507,不能凶婷婷咦,加油 路很长的 怎么样选择都不要让自己后悔 我相信你肯定努力了 这些苦真的只能自己明白！！一张卷子否定不了你的人生的！不要气馁 加油啊啊.,2023年4月28日 22:37
508,清纯小蛋蛋,谢谢你们，听这首歌的时候觉得这个世界好温柔,2023年4月28日 21:07
509,J霖L,谢谢,2023年4月28日 19:47
510,笑一辰,把自己想说的话，翻开笔记全部唱起，点一笔墨路途继续。,2023年4月28日 17:03
511,猪猪猪轩,老家哪里》,2023年4月28日 16:14
512,咲初小智,好听 加油,2023年4月28日 15:14
513,注意保持格局,钥匙大军冲冲,2023年4月28日 14:07
514,奔向月亮18,声音好好听,2023年4月28日 14:07
515,暴风小嫩仔,尽管与我们无关 他们唱的歌 还是充满了爱,2023年4月28日 03:17
516,SceptreChow,为生活增添一点色彩,2023年4月28日 01:35
517,山鹤唳_,会再见的 是你说的,2023年4月28日 00:44
518,childer6,声音很好听 加油！,2023年4月27日 23:58
519,可以给我摘月亮吗,加油哇，真的很喜欢你唱歌！你一定会大火的！！！！,2023年4月27日 21:12
520,北门配钥匙,再回来看看,2023年4月27日 20:50
521,Livewell_go,很优秀的歌曲,2023年4月27日 20:21
522,遇见ISO,加油＾０＾~,2023年4月27日 18:55
523,未来唏嘘,好听,2023年4月27日 18:30
524,泡椒好吃吗_Rynh,加油,2023年4月27日 18:09
525,Yellowhou,海洋 你会走起来的[西西机智],2023年4月27日 17:09
526,一朵飘散的,要和藏在心里的人见很多面,2023年4月27日 16:30
527,月光下的黑暗精,才听到这首歌，刚开始感觉声音好熟悉。还是怎么这么熟悉，但想不起来！！！原来我听过你的声音在我不知道的时候。,2023年4月27日 11:11
528,JHf就扣,I like this song!,2023年4月27日 10:19
529,聆风携逢,展翅的雄鹰将在天空飞翔，深海的巨鲸将在海底遨游,2023年4月27日 10:18
530,陌陌沈词,这么多年，第一个网易云评论给你了,2023年4月27日 03:43
531,Double_W_k,ai,2023年4月27日 01:41
532,只是冰的,海洋你一定能够大火,2023年4月27日 01:41
533,蹦次哒次猪猪猪,要加油，坚持下去，要加油，把自己想做的事情一定要做出点成绩出来，不要丧气，不要听外界的声音，听自己说的话，跟着内心最深处的声音去活才不会后悔，哪怕过的很差，但人生就只有一次，无怨无悔就够了,2023年4月26日 21:41
534,Quanlizhe,关关难过关关过，前路漫漫亦灿灿,2023年4月26日 21:16
535,来Half杯伏特加,加油,2023年4月26日 18:41
536,不-知-所-云-,女生的部分真的好好听！,2023年4月26日 16:59
537,干嘛呢__s,很棒的rap,2023年4月26日 13:29
538,Rain_oba,音色和咖啡hu的好像～,2023年4月26日 11:19
539,风城美男子,藏在内心深处的人再去见一面,2023年4月26日 02:07
540,李简清0,打卡打卡支持支持,2023年4月25日 21:41
541,平凡的凡吗,一定可以 加油 祝你我！,2023年4月25日 21:21
542,葡萄归乌鸦_dcEY,人生并非轨道 而且原野,2023年4月25日 20:39
543,葡萄归乌鸦_dcEY,加油呀,2023年4月25日 20:38
544,wjoyyx,太棒了这首歌！和经济舱有一拼,2023年4月25日 16:30
545,投不进的球再投一次,哥们 你迟早有一天会🔥的！,2023年4月25日 16:05
546,帐号已注销,高考数学上80吧！！！俺要求很低了,2023年4月25日 09:07
547,Pee_28,现实就这样 努力提升自己 少生气 少熬夜要争气 不能让家里难过 不要成为别人的笑话 灰色的人生会慢慢被彩色填满的,2023年4月25日 09:04
548,别想驯服我a,加油 你的人生才刚开始,2023年4月25日 05:36
549,别想驯服我a,加油,2023年4月25日 05:35
550,当然是花啦,世界不会辜负有才华的人 祝你 祝我,2023年4月24日 23:55
551,高瑜荣,你小子可以的！！,2023年4月24日 23:53
552,浅蓝墨丽,我想知道听这首歌的女孩子都是什么样的[多多大笑][多多大笑],2023年4月24日 22:50
553,暴风小嫩仔,要成为更好的自己 我等自己 也等你 错过808 不能错过888,2023年4月24日 22:37
554,搬砖运动爱好者,888,2023年4月24日 21:51
555,搬砖运动爱好者,加油！,2023年4月24日 21:49
556,便利店1246,能的，没问题，加油！,2023年4月24日 21:48
557,Soulless_JDwb,马上999了,2023年4月24日 20:32
558,陌芗,可是挣十个跟存十个是有区别的,2023年4月24日 20:29
559,渐渐微醺,别做含苞待放的人,2023年4月24日 19:33
560,余淮lye,。,2023年4月24日 19:04
561,-孤岛时光-,不就是为了能和自己，藏在内心深处的人再去见一面……,2023年4月24日 13:23
562,蹦次哒次猪猪猪,这两年压力很大，过的很压抑，压抑到看不到这个世界的颜色，失败以后大家对我失望了，我也被磨的对事物没有了信心，但是很不甘心自己给了自己这个结果，不知道以后的生活会怎么样，但还是要继续向前，希望自己能找到生活中的颜色好好的生活下去,2023年4月24日 13:19
563,21ohh-,没人能阻止我迈向更好的自己,2023年4月24日 12:06
564,七玥171213,我也,2023年4月24日 10:15
565,淯树,你也曾环绕我闪烁,2023年4月24日 01:31
566,雪的像白一样,会越来越好哒 因为你值得,2023年4月24日 00:36
567,Fluoxetinez_z,加油加油！！,2023年4月23日 23:55
568,小皮想睡觉_,真的好穷,2023年4月23日 22:49
569,babyrian,加油你小子o(^▽^)o,2023年4月23日 13:22
570,搬砖运动爱好者,加油！冲,2023年4月23日 12:53
571,天顶一颗星,为了能和藏在内心深处的人再去见一面,2023年4月23日 12:53
572,52RR2211,奥利给,2023年4月23日 12:51
573,WC37,加油！！！,2023年4月23日 12:49
574,WC37,冲,2023年4月23日 12:49
575,52RR2211,希望挣大钱！！,2023年4月23日 12:48
576,便利店1246,冲！,2023年4月23日 12:47
577,便利店1246,嗯啊！,2023年4月23日 12:46
578,浩子_pNu0,一晃,2023年4月23日 12:46
579,便利店1246,是啊是,2023年4月23日 12:45
580,便利店1246,哟喂,2023年4月23日 12:45
581,便利店1246,,2023年4月23日 12:45
582,便利店1246,来得及！,2023年4月23日 12:45
583,52RR2211,是得,2023年4月23日 12:44
584,52RR2211,冲,2023年4月23日 12:44
585,WC37,冲奥利给,2023年4月23日 12:43
586,WC37,冲！,2023年4月23日 12:43
587,WC37,冲,2023年4月23日 12:42
588,WC37,奥利给,2023年4月23日 12:42
589,WC37,呃呃呃呃,2023年4月23日 12:42
590,WC37,加油！！,2023年4月23日 12:42
591,WC37,,2023年4月23日 12:41
592,WC37,加油！,2023年4月23日 12:41
593,52RR2211,999快来吧,2023年4月23日 12:39
594,黑桃_kM6I,好像是这样啊,2023年4月22日 22:51
595,文谦2020-7-24,加油[多多大笑],2023年4月22日 21:15
596,文谦2020-7-24,冲！,2023年4月22日 21:15
597,1a维他命,火钳刘明,2023年4月22日 19:36
598,H恋泽,觉得自己发现太晚了,2023年4月22日 19:28
599,梦颜兮念,一定会实现的,2023年4月22日 18:13
600,GreySpn,我总是想证明些什么 证明自己并不差 证明自己也可以被好多人喜欢 证明自己被放弃不是因为我不好而是对方觉得不新鲜罢了,2023年4月22日 14:03
601,请叫我小李子0122,火🔥,2023年4月22日 10:13
602,不能凶婷婷咦,专升本加油！！,2023年4月22日 10:05
603,要给生活加糖,加油哈哈哈未来可期,2023年4月22日 09:46
604,致暗Moment,加油,2023年4月22日 03:56
605,kisskiss小南,这首歌听了第37遍，我也不知道它所吸引我的是什么，是海洋的低沉嗓音和洛伊的甜美天籁，打动我们的不是一首歌，而是一种情感，我不知道用什么来评论，就用手机上出现的第一句话来说吧。千头万绪，落笔汇成一句。,2023年4月22日 00:06
606,YYY雨雨雨雨雨,这个hook我好爱！！,2023年4月22日 00:04
607,睡眠典当铺---,如今是无缘无故，没有目的的焦虑，而往后只是连续不断，一无所获的牺牲，这就是她在这世界上所面临的全部命运。,2023年4月21日 23:01
608,发个呆先,谁都没有告诉，自己慢慢加油！,2023年4月21日 21:00
609,小俊_Yin,每个人都是独特的自己,2023年4月21日 17:54
610,满面呈灰烟火色,太好听了 给我火起来,2023年4月21日 14:03
611,领先半目,加油，小海！总有一天你一定能流入属于自己的大海！！！坚持自己所喜欢的！冲就完事儿了！！！,2023年4月21日 12:55
612,记得开心1点丶,beat是什么呀,2023年4月21日 06:08
613,beiliet,你可以的,2023年4月21日 02:36
614,鱿鱼_Z_,加油！bo,2023年4月21日 01:54
615,池池子sushi,你小子行,2023年4月21日 01:23
616,不会随便让人知道的账号o7,歌慢慢听 人慢慢爱,2023年4月20日 23:57
617,-Wendao,可是她不在了，我总觉得发生在去年[多多难过],2023年4月20日 23:08
618,想要追星的男孩,加油,2023年4月20日 22:30
619,星河几重银河万里,什么啊，不要颓废好吗，我们每个人都过着一样的生活啊。难过迷茫都会有啊也都会捱过去啊，雨过天晴不知道吗，加油啊,2023年4月20日 22:07
620,坏月亮s,已经不喜欢了 自己也很好 舒服快乐 做自己才是最好的,2023年4月20日 21:04
621,盐盐炎炎,歌慢慢听 人慢慢爱,2023年4月20日 14:51
622,盐盐炎炎,好听 好听 加油,2023年4月20日 14:50
623,7KeiKK,你会火 我相信,2023年4月20日 14:23
624,灬那只在屋檐上行走的猫,没人爱这首吗真的超爱,2023年4月20日 13:24
625,淯树,吃了两个月外卖，和毕业的室友忽然有了联系让我去找她做饭给我吃，18个站我还在车上抱怨但当她煮好饭叫我吃的那一刻看着许久没吃过家常菜，和她脸上洋溢的笑容觉得一切太过美好…,2023年4月20日 13:16
626,manalgoo_,允许自己做自己 也允许别人做别人,2023年4月20日 11:54
627,2sson,能 肯定能,2023年4月20日 11:39
628,TLiquor,加油兄弟,2023年4月20日 00:34
629,Metempsychosiss,我想和她复合,2023年4月20日 00:31
630,-死在回忆里_-,前奏好好听,2023年4月19日 20:24
631,林钗儿_ll,24考研我一定能上岸！,2023年4月19日 19:46
632,原始路标,加油！,2023年4月19日 19:20
633,以潇洒著称,先瘦几斤的,2023年4月19日 07:15
634,owoille,我要明年这时候拟录取名单公示里写着我的名字！🦾🐻考研加油！,2023年4月18日 23:06
635,小武想吃四顿饭,这么纯粹的rap被窝发现了,2023年4月18日 19:22
636,春的笫十七篇,三年很快的,2023年4月18日 01:02
637,野源信之介,加油！,2023年4月17日 20:05
638,韩公紫,希望你知行合一,2023年4月17日 15:40
639,张志稳_,生活不是电影，没有那么理想化的.,2023年4月17日 10:15
640,x十壹,加油,2023年4月15日 22:20
641,SillageTa-,我能见见你吗？我站远一点。,2023年4月15日 21:16
642,丷面朝大海丷春暖花开丷,老乡支持一下话说声线好像功夫胖,2023年4月15日 21:15
643,Om-_-,给我一种飘飘然的感觉,2023年4月15日 19:03
644,听一首歌_Mu,嗯,2023年4月14日 16:52
645,听一首歌_Mu,嗯,2023年4月14日 16:52
646,听一首歌_Mu,嗯,2023年4月14日 16:52
647,afterglow_idyll,会的，会度过一段回忆起来，就会自觉嘴角上扬的青春,2023年4月14日 13:04
648,i阿意i,希望慢慢的都会好起来[多多难过],2023年4月13日 19:05
649,诗与老子,火钳刘明,2023年4月12日 22:25
650,我们已久违x,我本来想安慰你 才发现自己也是破碎的,2023年4月11日 22:09
651,L27ik-,加油哈哈到时候我就是老粉，我不管我要坐前排你到时候得送我一张票哈哈哈哈哈哈,2023年4月11日 20:55
652,clearlove_7f,"中考就一次 没理由不努力
你也就一个 没理由不珍惜",2023年4月11日 20:45
653,殊男-,爱了各位🥰,2023年4月11日 17:28
654,今天心动值满了吗,“山的后面是什么 不用你来告诉我 我得亲自去一趟 是什么我都甘心 我都认”,2023年4月11日 16:19
655,达芬奇不爱吃饼,时光告别都 不再见。一切都在悄无声息中进行着,2023年4月11日 11:43
656,达芬奇不爱吃饼,"可我年少品不出酒的滋味，
也品不出这风 吹的夜漫长。",2023年4月11日 11:43
657,h1206-,因为我完全信任你爱你，所以我赋予你比任何人都能够刺痛我的权利,2023年4月11日 00:55
658,为什么不真诚-,这首歌必火！！,2023年4月10日 22:31
659,米虫i_mijg,好好听.,2023年4月10日 14:11
660,曹天苑,你用美好的内心看待世界 世界也将回赠你美好,2023年4月10日 12:01
661,害羞嘚鬼才,墨水会干 我们的回忆不会,2023年4月10日 09:22
662,怀里佳佳,希望我爱的人和爱我的人都平平安安健康顺遂,2023年4月10日 05:26
663,风替我告别77_,谢谢,2023年4月10日 02:27
664,风替我告别77_,加油,2023年4月10日 02:27
665,别碰兔子耳朵,好好听,2023年4月9日 23:51
666,揪小烊尾巴o,上岸,2023年4月9日 18:10
667,LloydMa,我也是 加油！,2023年4月9日 01:20
668,月亮还好吗,谢谢！,2023年4月8日 19:42
669,睡个长觉,火钳刘明,2023年4月8日 10:37
670,solocgy,加油海洋永远在你身后,2023年4月8日 00:25
671,趁夜_o9g2,加油！,2023年4月7日 22:23
672,瞎摁快门的阿肖啦,很好听有没有,2023年4月7日 21:44
673,雨是神的烟花ii,这女声在这歌里太绝了,2023年4月7日 14:11
674,T且听F风吟E,風鳥魚,2023年4月7日 12:07
675,不要聒噪-,@烙饼爱吃鸡腿 成功,2023年4月7日 12:07
676,Chiiiilo,当你想做就朝着目标去做，做了至少就没错过。,2023年4月7日 11:17
677,要你想念我,你这么忙 希望都忙在自己热爱的事情里,2023年4月7日 09:49
678,搬砖运动爱好者,加油！,2023年4月7日 01:39
679,搬砖运动爱好者,加油！,2023年4月7日 01:38
680,搬砖运动爱好者,加油！,2023年4月7日 01:38
681,云村居民小张,什么意思呀,2023年4月7日 01:32
682,XZiYa,高考 我一定赢你！,2023年4月6日 23:29
683,蛋挞爱睡觉,直激我心灵[多多大哭][多多大哭][多多大哭],2023年4月6日 21:06
684,Tnmpks,少年豪气天地阔，游历山水是人间,2023年4月6日 16:26
685,CEHN7R,不要因为别人都在交卷自己就乱写答案,2023年4月6日 11:30
686,阿Yu_04,收到,2023年4月5日 14:53
687,加分项_f,加油,2023年4月4日 23:02
688,唯爱H92545,可是已经来不及了,2023年4月3日 16:13
689,无你_DAl2,希望上岸,2023年4月3日 01:28
690,今天听XMASwu了吗,我是一名将在2025年上战场的文科战士 希望可以凯旋归来,2023年4月2日 11:13
691,轶昂杨,四月2日喜欢752条评论,2023年4月2日 10:26
692,采辰e,,2023年4月1日 23:03
693,肖克-s,“亲爱的小孩，请你先自己变强大吧，不要活在世俗的耳语中，要活在热爱里。” ,2023年4月1日 20:44
694,肖克-s,但 在以后的任何一天 等我找到你 我那颗潮湿的心还会燃烧,2023年4月1日 20:44
695,肖克-s,当太阳光以三十万公里每秒 八分二十秒照射到地球 透过窗户照射到每一个地方 照到一整颗潮湿的心 天冷的时候 有热茶有热汤 手就不会冰冷 牵着你的手 心就不会冷 真抱歉 我很久不能见你了 想到以后还是会焦虑 也许在以后 我的出租屋又小又偏僻 经常停水 每个月拿着很少的工资 工作很累 其实过的很平凡,2023年4月1日 20:44
696,肖克-s,向外求求而不得，向内求生生不息。,2023年4月1日 20:43
697,杀死差不多先生1,要为自己的生活点一笔墨,2023年4月1日 20:39
698,咩咩咩Ygggg,加油！,2023年4月1日 16:52
699,YOU-a-hero,一天都在循环播放107次了 太好听了 加油 希望有更好作品,2023年4月1日 09:17
700,YOU-a-hero,女生的声音好好听 已经在是循环播放,2023年4月1日 03:23
701,小小小张没烦恼,都会越来越好的 我相信,2023年3月31日 10:35
702,Kidfree,看岁月 流年 兄弟们都要好好的啊 所以人,2023年3月31日 00:02
703,W-Kelpie,一定会的[云比心],2023年3月30日 12:35
704,是茗茗没错了,当网易不再推送999+歌曲的时候，这说明你的音乐喜好已形成独具个性风格，由此也证明你的听歌赏曲的层次已经走在了云村的前列，这标志着你已正式融入资深成熟的老村民行列，从而彰显出音乐带给你高雅的气质风范,2023年3月30日 09:15
705,C懒得热闹,海洋真的是一个宝藏歌手,2023年3月30日 07:56
706,搬砖运动爱好者,加油！,2023年3月30日 01:42
707,a北平,唯有父母和前程不可辜负,2023年3月29日 11:44
708,橘子味香水oO,歌能反复听，人不能反复爱,2023年3月29日 10:02
709,LIuXY49,想逃离白天 归隐到黑夜,2023年3月29日 00:50
710,酷酷酷博哥,实现自己今年的三件大事,2023年3月29日 00:34
711,哪里都没有尽头,把你和我的距离留在时间里 将来回看只会越来越远 不如留在心里 和我一起入土,2023年3月28日 23:32
712,风中的落日先生,光只是看着不行动，迟早有一天会后悔的,2023年3月28日 23:22
713,摄影江丶,"*. ° ☀️· 🛸 🌏　° 🌓　• .°• 🚀 ✯✯ ★　*° 🛰　°· . •　°★　•
▁▂▃▄▅▆▇▇▆▅▄▃▁▂▃.",2023年3月28日 17:00
714,迷途羔羊191030,开头就被吸引,2023年3月28日 16:30
715,椒椒jiao甜心椒,谢谢[多多大笑],2023年3月28日 15:59
716,ZKkkkx_,可生活不像是电影 但人们都还在演戏,2023年3月28日 12:46
717,訣别詩一,我想告诉她 我爱她 可我是个穷小子,2023年3月28日 01:36
718,___无聊的鸡排,我一定要考上蒙中,2023年3月27日 23:36
719,月亮很亮我知道,八中等我，我一定会跨进你的大门ʕ•ٹ•ʔ,2023年3月27日 22:57
720,浩子_pNu0,冲过去！,2023年3月27日 20:17
721,浩子_pNu0,冲！,2023年3月27日 20:16
722,浩子_pNu0,奥利给哦,2023年3月27日 20:15
723,浩子_pNu0,没问题！,2023年3月27日 20:14
724,浩子_pNu0,继续加油,2023年3月27日 20:12
725,浩子_pNu0,加油！,2023年3月27日 20:11
726,浩子_pNu0,会！,2023年3月27日 20:11
727,浩子_pNu0,加油冲,2023年3月27日 20:10
728,浩子_pNu0,加油哦,2023年3月27日 20:09
729,浩子_pNu0,加油加油！,2023年3月27日 20:09
730,WC37,加油哦,2023年3月27日 20:04
731,搬砖运动爱好者,加油！,2023年3月27日 19:32
732,搬砖运动爱好者,加油！,2023年3月27日 19:31
733,搬砖运动爱好者,加油！,2023年3月27日 19:31
734,搬砖运动爱好者,加油，等同学到时回复,2023年3月27日 19:31
735,搬砖运动爱好者,加油,2023年3月27日 19:30
736,搬砖运动爱好者,加油！,2023年3月27日 19:29
737,52RR2211,加油哦！再出发,2023年3月27日 18:46
738,52RR2211,再次出发，加油！,2023年3月27日 18:45
739,WC37,没问题的冲,2023年3月27日 18:44
740,52RR2211,相信自己，加油！,2023年3月27日 18:42
741,WC37,没问题！,2023年3月27日 18:40
742,便利店1246,一定二建市政过！,2023年3月27日 18:39
743,便利店1246,冲！,2023年3月27日 18:38
744,52RR2211,冲！,2023年3月27日 18:33
745,52RR2211,一定的！,2023年3月27日 18:33
746,WC37,加油加油！,2023年3月27日 18:31
747,WC37,会的哦,2023年3月27日 18:31
748,WC37,加油！,2023年3月27日 18:30
749,WC37,很久没听到如此走心励志,2023年3月27日 18:30
750,迟京小鬼,"“无声的前途无量
有声的世俗落寞”
是我此刻真实的想法
希望五年后 我会变成自己喜欢的样子
永远自由无畏",2023年3月26日 23:51
751,椒椒jiao甜心椒,希望菅籽言能考上自己理想的大学,2023年3月26日 01:21
752,lkopiuy,这歌绝对会火的,2023年3月25日 22:01
753,52RR2211,需要安静得一首歌，走进心里,2023年3月25日 11:16
754,可谁又懂你的心,我生性自由 你不够爱我 是抓不住我的.,2023年3月25日 07:55
755,可谁又懂你的心,爱你海洋,2023年3月25日 07:42
756,胜哥打小怪兽,一定会上岸的 本科在向你挥手🙋‍♂️你看见了吗（第三遍）,2023年3月24日 10:03
757,胜哥打小怪兽,一定会上岸的 本科在向你挥手🙋‍♂️你看见了吗,2023年3月24日 10:02
758,胜哥打小怪兽,一定会上岸的 本科在向你招手🙋‍♂️你看见了吗,2023年3月24日 10:01
759,AAA是露不是陆,是我的18岁，我回不去的18岁,2023年3月24日 08:18
760,future-_光,给2年后的自己:哈喽！考上一中了吗？他还在吗？有没有保护好自己？现在开心吗？加油！马上就上岸了！我相信你,2023年3月23日 23:12
761,SSSSS_vZ1u,海洋我入你的坑了,2023年3月23日 22:34
762,ai薇儿e,加油！非常喜欢你的歌曲！！！,2023年3月23日 04:20
763,Gni_o,好好学习考563,2023年3月22日 23:31
764,一颗小熊软糖-l,希望我可以专升本成功！！现在评论是683条，希望我们一起加油，我能上本科，你也可以到999+ !!,2023年3月22日 03:36
765,椒椒jiao甜心椒,希望菅籽言能考上自己心仪的大学,2023年3月21日 09:36
766,丧木_ZOER,加油💪,2023年3月21日 07:45
767,余愷-,喜欢你的声音,2023年3月21日 00:28
768,温柔的枪,走心了老铁,2023年3月20日 18:20
769,野猪佩琦上线了,加油！！！！！！！,2023年3月18日 23:36
770,junior1209,你凭什么不能火啊你必火,2023年3月18日 19:48
771,余愷-,好喜欢你的声音,2023年3月18日 14:36
772,rrrrahhhh,加油，祝你梦想成真,2023年3月17日 21:52
773,像风吹过海_,还有282天，我一定能上岸北体！,2023年3月17日 17:40
774,ALCOHOL20,奇怪 怎么没有999+,2023年3月15日 23:16
775,秀儿一身仙气,宝藏海洋,2023年3月15日 21:59
776,木鸡哥的网易云,四年后我能找到理想的工作吗,2023年3月15日 18:46
777,ZJY5269,宝藏男孩，加油洋子,2023年3月15日 10:43
778,冰冰7ove,加油海洋,2023年3月15日 00:07
779,散步到海边,在现在这个社会 谈恋爱谈的像上厕所一样 男的深情叫舔狗 会被看不起 很多人都搞得不敢轻易尝试恋爱 像他妈叶问一样 赤手空拳去参加二战一样搞笑,2023年3月14日 23:38
780,小西吧0,你还是改不了爱翻评论的习惯呀，于晏,2023年3月14日 17:39
781,猪猪变超人yyy,我恨你马瑞阳,2023年3月14日 01:35
782,岸-与-海的距离,不要放弃啊 谁都可以看扁你 你自己不行！,2023年3月14日 00:49
783,海你听见了吗,加油,2023年3月13日 23:55
784,海你听见了吗,加油,2023年3月13日 23:54
785,大屁小白,667,2023年3月13日 23:26
786,南修YYDS,666,2023年3月13日 20:54
787,南修YYDS,665,2023年3月13日 20:54
788,-_Us_-,哪有那么多的过错 当你想做那就朝着目标去做,2023年3月13日 00:33
789,陈浩培-,加油吧。,2023年3月13日 00:30
790,在逃12度,md我也要为人生加一笔墨，今年一定上岸！,2023年3月12日 21:38
791,_1llusn4_,661,2023年3月12日 21:14
792,starkms,你就是大金块子。,2023年3月12日 18:48
793,starkms,女声真好听，天籁之音。,2023年3月12日 18:46
794,AN-II,好好听,2023年3月12日 16:42
795,水巷映白云,加油,2023年3月12日 15:56
796,-zhchi,我想一天三顿饭能吃下去 每天少一点少一点烦心事 有时候在想生命的意义是什么 是活着吗？ 生命的意义在于创造意义,2023年3月12日 09:24
797,Zhouzhx_-,我可以吗,2023年3月11日 02:37
798,CallitSerendipity,晚安💤,2023年3月10日 00:07
799,散步到海边,自己想做那就朝着目标去做,2023年3月9日 22:52
800,彭哥不聪明,日推！爱了！,2023年3月9日 12:09
801,超级幸福钟z,我看行,2023年3月9日 07:48
802,江予夺de喵,一定能,2023年3月9日 01:02
803,江予夺de喵,加油,2023年3月9日 01:01
804,Junepeng,为作词人作曲人点个手工赞～因为很欣赏他哈哈哈,2023年3月8日 19:55
805,去看四十四场日落,突然很想你,2023年3月8日 09:52
806,-_Us_-,只有河南的才能懂你吧 太难了 人多 学校就那么几个 别为难自己 每一步都有它自己的意义 活着不只是为了那几场考试 我还有二十多天也要经历一个比较重要的考试 可是焦虑一点用也没有 努力也是…,2023年3月8日 01:26
807,配角容,确实,2023年3月7日 19:13
808,oneone大华,海洋，你小子最好能成[100分],2023年3月6日 23:40
809,伐木累太阳,必须的,2023年3月6日 23:17
810,Ccc333c,要抽多少 才会有这样的烟嗓,2023年3月5日 20:46
811,来自比奇堡的章鱼日记v,@不眠_ki,2023年3月5日 19:15
812,小刀削面spicy,"gad bless you
一定会的",2023年3月5日 16:48
813,小呆糕_p,永远都不要说下次 爱要及时,2023年3月5日 11:00
814,義烏黑天鹅,洛伊的声音好好听啊[好听哭了],2023年3月5日 10:49
815,Youngcupid,会的,2023年3月4日 21:46
816,羊羊睡觉没,会的！！,2023年3月4日 21:18
817,叫我小节_,考公好累，明明数资公式套路都滚瓜烂熟，连续两个月每天练速算，一做题还是错的我都怀疑真的是我写出来的题吗？太无力了，太挫败了[多多难过],2023年3月4日 19:26
818,-_Us_-,希望我也能成功,2023年3月4日 01:04
819,纯情的羊羔,我的美丽,2023年3月3日 23:40
820,北城以苝的海,"若我当年见山是山 自不会有我如今这般
可你没见过那座山 亦不知我为何这般",2023年3月3日 20:13
821,-Fz1e6z,怕什么 往前冲才是青春 向阳盛开才是我们,2023年3月3日 11:34
822,颖梦然,加油,2023年3月3日 07:54
823,徐述健icon,嗯 那你就幸福吧,2023年3月3日 04:19
824,与筱xiao,加油,2023年3月3日 01:13
825,是很难释怀_,盖掉伤痕和过去 就能得到幸福吗。,2023年3月2日 23:44
826,生命因妳而動聽i,陪一根,2023年3月2日 22:55
827,lzxxxx_1yOk,我特别喜欢你 你就是我心里的明星,2023年3月2日 21:51
828,迪路1808,当网易云不再给你推荐999+的时候说明你已经是重点培养对象了,2023年3月2日 21:24
829,窃闻_,歌词写的深入人心，加入这充满故事感的人声，一下子就被带进去共情了👍,2023年3月2日 19:35
830,高潮_CP,正在听这首歌的人，没错就是你！你将来肯定会有出息的，出人头地的，,2023年3月2日 18:25
831,EasonChan9,听一个月了 马上就火,2023年3月2日 16:52
832,远山安之,你一定行！！！,2023年3月2日 15:43
833,北风IPO,实现了吗,2023年3月2日 13:55
834,冰冰冰大魔王,好听,2023年3月2日 13:20
835,韩吉康爱辛林洁,你的声音好好听，我都听爱了,2023年3月2日 13:06
836,我问心无愧我不是坏人,所得 所不得 皆不如心安理得,2023年3月2日 11:36
837,搭幾次夜車,折腾出来点名堂让老家的人把嘴闭上,2023年3月2日 08:46
838,Heehee_CTNW,加油加油,2023年3月2日 08:14
839,请叫我小媛OvO,好听啊,2023年3月2日 06:52
840,逃跑计划逃跑嘛,谈不上年轻，算不得老成！漫长的等待挫败了做选择的勇气！,2023年3月1日 23:11
841,最帅的政仔,海洋一定会登顶,2023年3月1日 23:00
842,最帅的政仔,海洋一定会登顶,2023年3月1日 22:59
843,最帅的政仔,我也想说来着,2023年3月1日 22:59
844,咩粽zzo,嗓音和唱法让我想起了咖啡壶,2023年3月1日 22:06
845,黄智妮Josie,这嗓音 和C-block有的一拼！！！,2023年3月1日 10:22
846,扬--烊,谢谢,2023年2月28日 21:10
847,扬--烊,谢谢,2023年2月28日 21:10
848,SOHO_唐老师,近几年听到的最有感觉的歌了,2023年2月28日 17:37
849,副作用巴多按,声音听的太舒服了,2023年2月28日 13:18
850,heartbeatji,这首歌一定会火的,2023年2月27日 23:06
851,诉说李荣浩,我有辆A5不过他是oppo,2023年2月27日 22:51
852,林仔zz00,加油 未来可期,2023年2月27日 20:10
853,糖炒板栗TwT,艺考上岸,2023年2月27日 10:51
854,XiaoCaoooo,也许是命运帮你避开了一个坑呢 加油！,2023年2月26日 22:03
855,depresja_,我们都是这首歌的见证者！会火的,2023年2月26日 21:42
856,便利店1246,加油！,2023年2月26日 21:32
857,便利店1246,,2023年2月26日 21:31
858,Tiiour,不管你多么的牛b你的四楼永远都是广告,2023年2月26日 21:12
859,十六炖汤啦,"♧ 用特写镜头看生活，
生活就是一个悲剧；
但用长镜头看生活，
生活就是一部喜剧。 ——卓别林 ",2023年2月26日 19:13
860,BW_AB,未来我要做行业的第一,2023年2月26日 18:15
861,暖阳下我迎芬芳-,真好听,2023年2月26日 18:10
862,被Carry的老叶,加油，你的rap唱到我心里了，大学的新生晚会就唱这首,2023年2月26日 17:08
863,花轮ok,过来人告诉你一定要成功呀,2023年2月26日 16:24
864,eom灿7,大器晚成也好 永远到不了山顶也罢 但是我一定要快乐和真诚一些 没什么大不了的 这个世界上总要允许普通人存在吧,2023年2月26日 15:25
865,L_黑狗,加油！海洋加油！,2023年2月26日 14:48
866,平平无奇的甲,刚发现的一首歌，很赞,2023年2月26日 14:41
867,CarpeDiem-Dontemo,“点一笔墨”,2023年2月26日 02:31
868,你的永远理性,姐不在乎,2023年2月25日 22:16
869,萧逸的萧小五喔,喜欢自己才会拥抱生活,2023年2月25日 21:24
870,你学不会_SakH,我也觉得,2023年2月25日 21:20
871,你学不会_SakH,加油,2023年2月25日 21:20
872,heartbeatji,太好听了我爱死了,2023年2月25日 21:13
873,BLreueND,加油,2023年2月25日 18:02
874,林安泽丨,生活不就是水深火热的嘛,2023年2月25日 17:24
875,不落笙_,不破不立.,2023年2月25日 14:41
876,JE音乐,快火,2023年2月25日 12:22
877,迷人的王8MOV,加油,2023年2月25日 04:18
878,wind屿风,加油加油,2023年2月25日 01:32
879,-晚安JBRs_,歌这么好听，为啥就不火那,2023年2月25日 01:08
880,可放在心里,不那么重要的话 就做自己啦,2023年2月25日 01:00
881,离人心上禾火,过于顺滑了哈,2023年2月24日 12:33
882,Jinc1809,你的声音真的好像一缕清风缓缓徐来 好舒服,2023年2月24日 10:58
883,纷扰世中听雨眠,做什么事都没有好的结果，真的不知道怎么撑下去接下来的日子,2023年2月23日 20:25
884,Minch-Li,哥你已经是了,2023年2月23日 16:05
885,moovee-,年度最佳单曲,2023年2月23日 11:46
886,悕痴,时光裹挟着命运滚滚向前 分别不用学 我习惯说再见,2023年2月22日 20:21
887,Hefacan,这么好听 为啥不是1w加,2023年2月22日 19:39
888,今天也要超级开心鸭,好听的！宝藏,2023年2月22日 19:35
889,风-子_,有什么心结解不开，就把它系成蝴蝶结,2023年2月22日 18:57
890,画上日落,我要像风一样自由,2023年2月22日 14:08
891,搬砖运动爱好者,加油哦！,2023年2月22日 13:25
892,故事止于晚冬天-,作词很厉害,2023年2月22日 10:23
893,愉也Q,祝你上岸成功,2023年2月22日 09:56
894,旧巷少女__HviS,祝我能够成为研究生,2023年2月22日 08:28
895,行行好吧-_-,我要专升本成功，加油！,2023年2月22日 08:26
896,薄荷柚子粒zzZ,海洋红到西海岸,2023年2月22日 01:28
897,Naodyj,感觉这一年都在不断给我上课 都在抽筋剥皮的拿走我看得很重的东西,2023年2月22日 00:37
898,小鸭哥-_-,看着一次次的评论 听着一次次的歌 想着她离开的时候 自己才是多余的,2023年2月21日 22:19
899,是肥仔m,我要考研上岸,2023年2月21日 21:51
900,快睡吧好好睡觉,我果然没能考上，麻木了两个月还是没能冲掉心底的酸楚，看到成绩是意料之中的低，我就这么烂掉。,2023年2月21日 20:25
901,REMAERD-YSL,海洋写的词都好好啊,2023年2月21日 19:32
902,叫我小铭sos,今天考研出分，祝大家都上岸,2023年2月21日 07:48
903,还还还没困,一定要考上大学！,2023年2月20日 21:40
904,m_p_kin,会的，加油鸭！你会考上你理想中的大学的。[多多大笑],2023年2月20日 18:36
905,LFF-boy,你会成为很亮的星，嗓音太好听,2023年2月20日 17:09
906,nwxb-,你一直都是爸妈明天的星星,2023年2月20日 09:22
907,今天星期几-_-_-_-,能,2023年2月20日 08:22
908,AINAIML,加油宝贝,2023年2月20日 02:53
909,系伤心猪大肠啊,你会的,2023年2月20日 01:22
910,吃饭干事,女生的声音好好听啊,2023年2月19日 21:29
911,筱呀嘛晓二郎,好舒服的歌啊,2023年2月19日 20:03
912,纷扰世中听雨眠,生活平平淡淡 自己也能过去，该忘了的就忘了吧,2023年2月19日 17:28
913,甜味南瓜粥,海洋你一定会成为大明星！！！,2023年2月19日 13:52
914,JYJY小lv冲冲冲,一定可以的！,2023年2月19日 13:27
915,无声----------,,2023年2月19日 12:23
916,逢春辞旧年_A3,听多了海洋的《我的美丽》感觉听哪首都有那个影子,2023年2月19日 11:08
917,-Aqae,你还没有很火，但已经在努力带朋友一起走。这本就不平凡,2023年2月19日 01:40
918,我的耳机又去哪了,当然，自由至上,2023年2月19日 01:01
919,周周的小黏虫,我看人很准 你会成功,2023年2月19日 00:39
920,Zzz好运来,加油加油 随机放的一下被吸引进来的程度[星星眼][星星眼][星星眼][好听哭了],2023年2月19日 00:16
921,c1ie,女声很抓耳,2023年2月18日 22:57
922,碎碎念念周而复始,好听,2023年2月18日 22:43
923,月亮说它忘记了_wjdz,你可以哒 以此评论为证！！,2023年2月18日 22:39
924,热心网友莫先生,那我就来打破这520做521吧！！,2023年2月18日 22:31
925,搬砖运动爱好者,520,2023年2月18日 21:39
926,木木山与a,多想生活像电影一样，下个镜头就是多年以后,2023年2月18日 20:52
927,江城黄掌柜,很好听啊，男声低沉，女声有很穿透性。,2023年2月18日 17:24
928,是宇小小啊,这个hook好好听,2023年2月18日 11:46
929,不吃胡萝卜yo丶,要努力呀，为了想要的生活，为了人间的烟火气，为了今天的风和月。,2023年2月18日 10:48
930,TAKEOFF8,点,2023年2月18日 04:20
931,云歌也,嗨,2023年2月18日 02:22
932,kisses_____,我希望你幸福 可没有我你不该幸福,2023年2月18日 01:22
933,yems,马上火,2023年2月17日 23:23
934,7evesi,支持一下,2023年2月17日 19:48
935,7evesi,加油加油,2023年2月17日 19:48
936,就是不乖1,开车时听到的 女声好温柔,2023年2月17日 16:12
937,ydysoa,你们觉得怎么样我的评价是确实挺不错的,2023年2月17日 15:21
938,季节芬达,生活不是电影，没人会等你三五年依然告诉你 我还在爱你 ，也不会像字幕三年过后那么美好 更多的是现实的遗憾和难平,2023年2月17日 13:59
939,暴躁的兔子_R8YY,好听,2023年2月17日 09:20
940,Jsosoj,希望往后你能有很多次这样的一刻,2023年2月17日 09:00
941,WilliamFyfe,加油,2023年2月17日 06:55
942,酒吟i,背景绝绝子,2023年2月17日 05:54
943,永远积极且自信,我要考上大学加油,2023年2月16日 21:00
944,LMQ_2023,第五百个,2023年2月16日 20:32
945,搬砖运动爱好者,加油！,2023年2月16日 18:06
946,Young-Asian,兄弟加油,2023年2月16日 16:49
947,阿拉斯瓜,你小子以后一定会火的,2023年2月16日 15:58
948,祁画2333,做了不一定会失败，没做一定失败，都得过高考这一关，加油啊↖(^ω^)↗,2023年2月16日 14:51
949,快乐笨蛋耶耶,加油,2023年2月16日 13:46
950,Goodess_IPlm,要清楚 你费尽心思逗她笑，但你却始终比不过她一见面就笑的人,2023年2月16日 12:59
951,小熊饼干的网易云_KNTh,加油,2023年2月16日 12:50
952,l天道佩恩l,希望未来自己能更优秀吧，能不顾他人的眼光做自己想做的一切，能成为自己想成为的人,2023年2月16日 06:03
953,Jang-权,为何只许春风去，却不容我再少年,2023年2月16日 02:50
954,小鱼Sxtn,好好努力好好生活,2023年2月16日 01:00
955,扬--烊,快高考了，很焦虑很迷茫，我不知道我做的选择对还是不对，怕自己做了没成功会后悔，但是更怕自己没做，也会后悔，迷茫,2023年2月15日 23:46
956,一枚小弹壳_54,一定会的,2023年2月15日 20:58
957,沉梦2588,好听，加油啊,2023年2月15日 14:19
958,啊萧e,生活中有四件事可以改变你。爱，音乐，文字和失去。前三件事让你心生希望，那请允许最后一件事，使你变得勇敢。（写给自己）,2023年2月15日 13:15
959,CEWg,可我年少品不出酒的滋味,2023年2月15日 11:56
960,心如荒岛囚我终老___,你可以的,2023年2月15日 11:26
961,hhhhhHhHhHhhhnnHHhHh,火钳刘明,2023年2月14日 15:57
962,晚點心動hy,人都有其美,2023年2月14日 11:25
963,右京_krdn,冲,2023年2月14日 11:09
964,L晚风change,留名，火了再回来听,2023年2月13日 21:01
965,Blanche格格,原来长大以后的世界并不快乐,2023年2月13日 15:54
966,为了PY灬,有纯女声版吗,2023年2月13日 14:44
967,旎丽,女声＞男声,2023年2月13日 14:22
968,共浴春秋,发现宝藏,2023年2月13日 14:21
969,似田一芳,哥们可以啊 加油,2023年2月13日 14:05
970,珊瑚怪怪,472,2023年2月13日 14:05
971,Kunoichi_Li,这么好听为什么不火,2023年2月13日 14:04
972,去见阿莲,生活的节奏很快我们不妨慢一点,2023年2月13日 14:01
973,李耀宾1812,哇偶，女声好听,2023年2月13日 13:55
974,Eeai0516,答案在路上 自由在风里.,2023年2月13日 13:45
975,KeEx,好听,2023年2月13日 13:44
976,潮劈,好歌,2023年2月13日 13:34
977,准高三学生,一定会的共勉,2023年2月13日 10:42
978,天蝎男明星,好听,2023年2月13日 04:31
979,天蝎男明星,加油！,2023年2月13日 04:31
980,没睡醒ovo_Mol8,[多多调皮],2023年2月13日 03:08
981,清幸自己,总有一天你热爱的东西会反过来拥抱你,2023年2月13日 01:19
982,你是我YanLi的星,请给我疾风暴雨般的盛大欢乐，哪怕一生只一次也好.,2023年2月12日 23:01
983,你是我YanLi的星,会火的，很有感触,2023年2月12日 23:01
984,winteroo_,一定可以的！,2023年2月12日 17:45
985,蘸一点奶油,加油！你想要的都会向你走来,2023年2月12日 15:15
986,_Insomnia_____,希望可以,2023年2月12日 13:21
987,今天不听歌v,超爱的好吧,2023年2月12日 12:15
988,oooo_zA,哥们 你可以的,2023年2月12日 02:50
989,心向嘉阳,也祝你幸福真心的,2023年2月12日 01:35
990,欧阳鲸鱼,"以后一定有能力把喜欢的玩具带回家的[珍宝]
等我几年好吗小醒狮 藕霸 航天模型 还有其他一眼心动的玩具崽子们 ",2023年2月12日 00:42
991,听歌中嘘嘘嘘,本来超喜欢海洋的声音 结果女声一出来我鸡皮疙瘩掉出租车上了...,2023年2月12日 00:34
992,那就分开吧8,要努力要比昨天好比前天优秀,2023年2月12日 00:31
993,那就分开吧8,我发誓我以后一定要出人头地 拿回我该拿的东西 是我的我不让一分！,2023年2月12日 00:30
994,沉淀需要时间,别看了 你以后超有出息的！,2023年2月12日 00:01
995,大川_7,好听！,2023年2月11日 23:49
996,不吃洋葱_o,“有一天小熊在洗衣服，可是有一个地方怎么洗也洗不干净，熊妈妈就说你认真搓呀，小熊红着眼睛说，搓过啦搓过啦”,2023年2月11日 22:38
997,丶蔡先森-,今天我在逛街的时候听到一首歌，我就喜欢上了,2023年2月11日 19:02
998,XinTinG_,加油,2023年2月11日 16:28
999,陌上井隅,2023中考加油,2023年2月11日 12:34
1000,周杰伦的小迷妹_7u72,你小子 可以,2023年2月11日 10:58
1001,肆伍陆7捌,加油,2023年2月11日 01:04
1002,一起7榴莲,呜～！,2023年2月10日 22:17
1003,论咖喱土豆的二十三种吃法,你一定可以的,2023年2月10日 22:02
1004,星河中漫游,一起加油 我们都能成功[多多比耶],2023年2月10日 21:31
1005,浅比_,可以,2023年2月10日 19:48
1006,沉沦于海丶,先占个位，火了叫我[多多比耶],2023年2月10日 16:41
1007,雨天夜难眠,谢谢你[多多大笑],2023年2月10日 14:50
1008,AYYYYY那可真是太棒了,你小子，加油冲！[多多耍酷],2023年2月10日 14:04
1009,陈三陈三陈三X3,加油 今年搞钱,2023年2月10日 12:26
1010,羊肉泡馍yr,你可以的，加油！,2023年2月10日 07:15
1011,她说要我懂事,后来的生活随着柴米油盐带来的压力再也没有快乐,2023年2月10日 00:31
1012,就这个名吧9,愿我们踏过平川，越过高山，跨过长河，去看那岁月如歌，为人生点一笔墨,2023年2月9日 23:09
1013,搬砖运动爱好者,加油加油！,2023年2月9日 22:15
1014,搬砖运动爱好者,加油加油！,2023年2月9日 22:15
1015,搬砖运动爱好者,加油加油！,2023年2月9日 22:14
